{"cameraMode":{"drawMode":0,"name":"Shaded","section":"Shading Mode"},"sceneLighting":false,"audioPlay":false,"sceneViewState":{"showFog":true,"showMaterialUpdate":false,"showSkybox":false,"showFlares":true,"showImageEffects":true,"showParticleSystems":true},"in2DMode":false,"pivot":{"x":-4.76837158203125e-7,"y":-7.152557373046875e-7,"z":0.0},"rotation":{"x":0.33189380168914797,"y":-0.021222008392214776,"z":0.007469006348401308,"w":0.9430527687072754},"size":30.352441787719728,"orthographic":true}