{"cameraMode":{"drawMode":0,"name":"Shaded","section":"Shading Mode"},"sceneLighting":false,"audioPlay":false,"sceneViewState":{"showFog":true,"showMaterialUpdate":false,"showSkybox":false,"showFlares":true,"showImageEffects":true,"showParticleSystems":true},"in2DMode":false,"pivot":{"x":3.7899999618530275,"y":-0.47999998927116396,"z":-0.019999999552965165},"rotation":{"x":-0.008311528712511063,"y":0.610945999622345,"z":-0.006416354328393936,"w":-0.7916043400764465},"size":4.478346824645996,"orthographic":false}